ticker,groupe,pea
MMM,USA - S&P500,0
AOS,USA - S&P500,0
ABT,USA - S&P500,0
ABBV,USA - S&P500,0
ACN,USA - S&P500,0
ADBE,USA - S&P500,0
AMD,USA - S&P500,0
AES,USA - S&P500,0
AFL,USA - S&P500,0
A,USA - S&P500,0
APD,USA - S&P500,0
ABNB,USA - S&P500,0
AKAM,USA - S&P500,0
ALB,USA - S&P500,0
ARE,USA - S&P500,0
ALGN,USA - S&P500,0
ALLE,USA - S&P500,0
LNT,USA - S&P500,0
ALL,USA - S&P500,0
GOOGL,USA - S&P500,0
GOOG,USA - S&P500,0
MO,USA - S&P500,0
AMZN,USA - S&P500,0
AMCR,USA - S&P500,0
AEE,USA - S&P500,0
AAL,USA - S&P500,0
AEP,USA - S&P500,0
AXP,USA - S&P500,0
AIG,USA - S&P500,0
AMT,USA - S&P500,0
AWK,USA - S&P500,0
AMP,USA - S&P500,0
AME,USA - S&P500,0
AMGN,USA - S&P500,0
APH,USA - S&P500,0
ADI,USA - S&P500,0
ANSS,USA - S&P500,0
AON,USA - S&P500,0
APA,USA - S&P500,0
AAPL,USA - S&P500,0
AMAT,USA - S&P500,0
APTV,USA - S&P500,0
ACGL,USA - S&P500,0
ADM,USA - S&P500,0
ANET,USA - S&P500,0
AJG,USA - S&P500,0
AIZ,USA - S&P500,0
T,USA - S&P500,0
ATO,USA - S&P500,0
ADSK,USA - S&P500,0
AZO,USA - S&P500,0
AVB,USA - S&P500,0
AVY,USA - S&P500,0
AXON,USA - S&P500,0
BKR,USA - S&P500,0
BALL,USA - S&P500,0
BAC,USA - S&P500,0
BAX,USA - S&P500,0
BDX,USA - S&P500,0
BBY,USA - S&P500,0
BIO,USA - S&P500,0
TECH,USA - S&P500,0
BIIB,USA - S&P500,0
BLK,USA - S&P500,0
BX,USA - S&P500,0
BA,USA - S&P500,0
BCR,USA - S&P500,0
BMY,USA - S&P500,0
AVGO,USA - S&P500,0
BR,USA - S&P500,0
BRO,USA - S&P500,0
BF.B,USA - S&P500,0
BLDR,USA - S&P500,0
BXP,USA - S&P500,0
BSX,USA - S&P500,0
BRK.B,USA - S&P500,0
CHRW,USA - S&P500,0
CDNS,USA - S&P500,0
CZR,USA - S&P500,0
CPT,USA - S&P500,0
CPB,USA - S&P500,0
COF,USA - S&P500,0
CAH,USA - S&P500,0
KMX,USA - S&P500,0
CCL,USA - S&P500,0
CARR,USA - S&P500,0
CTLT,USA - S&P500,0
CAT,USA - S&P500,0
CBOE,USA - S&P500,0
CBRE,USA - S&P500,0
CDW,USA - S&P500,0
CE,USA - S&P500,0
COR,USA - S&P500,0
CNC,USA - S&P500,0
CNP,USA - S&P500,0
CF,USA - S&P500,0
CHTR,USA - S&P500,0
CVX,USA - S&P500,0
CMG,USA - S&P500,0
CB,USA - S&P500,0
CHD,USA - S&P500,0
CI,USA - S&P500,0
CINF,USA - S&P500,0
CTAS,USA - S&P500,0
CSCO,USA - S&P500,0
C,USA - S&P500,0
CFG,USA - S&P500,0
CLX,USA - S&P500,0
CME,USA - S&P500,0
CMS,USA - S&P500,0
KO,USA - S&P500,0
CTSH,USA - S&P500,0
CL,USA - S&P500,0
CMCSA,USA - S&P500,0
CAG,USA - S&P500,0
COP,USA - S&P500,0
ED,USA - S&P500,0
STZ,USA - S&P500,0
CEG,USA - S&P500,0
COO,USA - S&P500,0
CPRT,USA - S&P500,0
GLW,USA - S&P500,0
CPAY,USA - S&P500,0
CTVA,USA - S&P500,0
CSGP,USA - S&P500,0
COST,USA - S&P500,0
CTRA,USA - S&P500,0
CCI,USA - S&P500,0
CSX,USA - S&P500,0
CMI,USA - S&P500,0
CVS,USA - S&P500,0
DHR,USA - S&P500,0
DRI,USA - S&P500,0
DVA,USA - S&P500,0
DAY,USA - S&P500,0
DECK,USA - S&P500,0
DE,USA - S&P500,0
DAL,USA - S&P500,0
DVN,USA - S&P500,0
DXCM,USA - S&P500,0
FANG,USA - S&P500,0
DLR,USA - S&P500,0
DFS,USA - S&P500,0
DG,USA - S&P500,0
DLTR,USA - S&P500,0
D,USA - S&P500,0
DPZ,USA - S&P500,0
DOV,USA - S&P500,0
DOW,USA - S&P500,0
DHI,USA - S&P500,0
DTE,USA - S&P500,0
DUK,USA - S&P500,0
DD,USA - S&P500,0
EMN,USA - S&P500,0
ETN,USA - S&P500,0
EBAY,USA - S&P500,0
ECL,USA - S&P500,0
EIX,USA - S&P500,0
EW,USA - S&P500,0
EA,USA - S&P500,0
ELV,USA - S&P500,0
LLY,USA - S&P500,0
EMR,USA - S&P500,0
ENPH,USA - S&P500,0
ETR,USA - S&P500,0
EOG,USA - S&P500,0
EPAM,USA - S&P500,0
EQT,USA - S&P500,0
EFX,USA - S&P500,0
EQIX,USA - S&P500,0
EQR,USA - S&P500,0
ESS,USA - S&P500,0
EL,USA - S&P500,0
ETSY,USA - S&P500,0
EG,USA - S&P500,0
EVRST,USA - S&P500,0
ES,USA - S&P500,0
EXC,USA - S&P500,0
EXPE,USA - S&P500,0
EXPD,USA - S&P500,0
EXR,USA - S&P500,0
XOM,USA - S&P500,0
FFIV,USA - S&P500,0
FDS,USA - S&P500,0
FICO,USA - S&P500,0
FAST,USA - S&P500,0
FRT,USA - S&P500,0
FDX,USA - S&P500,0
FIS,USA - S&P500,0
FITB,USA - S&P500,0
FSLR,USA - S&P500,0
FE,USA - S&P500,0
FI,USA - S&P500,0
FMC,USA - S&P500,0
F,USA - S&P500,0
FTNT,USA - S&P500,0
FTV,USA - S&P500,0
FOXA,USA - S&P500,0
FOX,USA - S&P500,0
BEN,USA - S&P500,0
FCX,USA - S&P500,0
GRMN,USA - S&P500,0
IT,USA - S&P500,0
GE,USA - S&P500,0
GEHC,USA - S&P500,0
GEN,USA - S&P500,0
GNRC,USA - S&P500,0
GD,USA - S&P500,0
GIS,USA - S&P500,0
GM,USA - S&P500,0
GPC,USA - S&P500,0
GILD,USA - S&P500,0
GPN,USA - S&P500,0
GL,USA - S&P500,0
GDDY,USA - S&P500,0
GS,USA - S&P500,0
HAL,USA - S&P500,0
HIG,USA - S&P500,0
HAS,USA - S&P500,0
HCA,USA - S&P500,0
DOC,USA - S&P500,0
HSIC,USA - S&P500,0
HSY,USA - S&P500,0
HES,USA - S&P500,0
HPE,USA - S&P500,0
HLT,USA - S&P500,0
HOLX,USA - S&P500,0
HD,USA - S&P500,0
HON,USA - S&P500,0
HRL,USA - S&P500,0
HST,USA - S&P500,0
HWM,USA - S&P500,0
HPQ,USA - S&P500,0
HUBB,USA - S&P500,0
HUM,USA - S&P500,0
HBAN,USA - S&P500,0
HII,USA - S&P500,0
IBM,USA - S&P500,0
IEX,USA - S&P500,0
IDXX,USA - S&P500,0
ITW,USA - S&P500,0
INCY,USA - S&P500,0
IR,USA - S&P500,0
PODD,USA - S&P500,0
INTC,USA - S&P500,0
ICE,USA - S&P500,0
IFF,USA - S&P500,0
IP,USA - S&P500,0
IPG,USA - S&P500,0
INTU,USA - S&P500,0
ISRG,USA - S&P500,0
IVZ,USA - S&P500,0
INVH,USA - S&P500,0
IQV,USA - S&P500,0
IRM,USA - S&P500,0
JBHT,USA - S&P500,0
JBL,USA - S&P500,0
JKHY,USA - S&P500,0
J,USA - S&P500,0
JNJ,USA - S&P500,0
JCI,USA - S&P500,0
JPM,USA - S&P500,0
JNPR,USA - S&P500,0
K,USA - S&P500,0
KVUE,USA - S&P500,0
KDP,USA - S&P500,0
KEY,USA - S&P500,0
KEYS,USA - S&P500,0
KMB,USA - S&P500,0
KIM,USA - S&P500,0
KMI,USA - S&P500,0
KLAC,USA - S&P500,0
KHC,USA - S&P500,0
KR,USA - S&P500,0
LHX,USA - S&P500,0
LH,USA - S&P500,0
LRCX,USA - S&P500,0
LW,USA - S&P500,0
LVS,USA - S&P500,0
LDOS,USA - S&P500,0
LEN,USA - S&P500,0
LIN,USA - S&P500,0
LYV,USA - S&P500,0
LKQ,USA - S&P500,0
LMT,USA - S&P500,0
L,USA - S&P500,0
LOW,USA - S&P500,0
LULU,USA - S&P500,0
LYB,USA - S&P500,0
MTB,USA - S&P500,0
MRO,USA - S&P500,0
MPC,USA - S&P500,0
MKTX,USA - S&P500,0
MAR,USA - S&P500,0
MMC,USA - S&P500,0
MLM,USA - S&P500,0
MAS,USA - S&P500,0
MA,USA - S&P500,0
MTCH,USA - S&P500,0
MKC,USA - S&P500,0
MCD,USA - S&P500,0
MCK,USA - S&P500,0
MDT,USA - S&P500,0
MET,USA - S&P500,0
MTD,USA - S&P500,0
MGM,USA - S&P500,0
MCHP,USA - S&P500,0
MU,USA - S&P500,0
MSFT,USA - S&P500,0
MAA,USA - S&P500,0
MRNA,USA - S&P500,0
MHK,USA - S&P500,0
MOH,USA - S&P500,0
TAP,USA - S&P500,0
MDLZ,USA - S&P500,0
MPWR,USA - S&P500,0
MNST,USA - S&P500,0
MCO,USA - S&P500,0
MS,USA - S&P500,0
MOS,USA - S&P500,0
MSI,USA - S&P500,0
MSCI,USA - S&P500,0
NDAQ,USA - S&P500,0
NTAP,USA - S&P500,0
NFLX,USA - S&P500,0
NWS,USA - S&P500,0
NWSA,USA - S&P500,0
NEM,USA - S&P500,0
NEE,USA - S&P500,0
NKE,USA - S&P500,0
NI,USA - S&P500,0
NDSN,USA - S&P500,0
NSC,USA - S&P500,0
NTRS,USA - S&P500,0
NOC,USA - S&P500,0
NCLH,USA - S&P500,0
NRG,USA - S&P500,0
NUE,USA - S&P500,0
NVDA,USA - S&P500,0
NVR,USA - S&P500,0
NXPI,USA - S&P500,0
ORLY,USA - S&P500,0
OXY,USA - S&P500,0
ODFL,USA - S&P500,0
OMC,USA - S&P500,0
ON,USA - S&P500,0
OKE,USA - S&P500,0
ORCL,USA - S&P500,0
OTIS,USA - S&P500,0
PCAR,USA - S&P500,0
PKG,USA - S&P500,0
PANW,USA - S&P500,0
PH,USA - S&P500,0
PAYX,USA - S&P500,0
PAYC,USA - S&P500,0
PYPL,USA - S&P500,0
PNR,USA - S&P500,0
PEP,USA - S&P500,0
PFE,USA - S&P500,0
PCG,USA - S&P500,0
PM,USA - S&P500,0
PSX,USA - S&P500,0
PNW,USA - S&P500,0
PNC,USA - S&P500,0
POOL,USA - S&P500,0
PPG,USA - S&P500,0
PPL,USA - S&P500,0
PFG,USA - S&P500,0
PG,USA - S&P500,0
PGR,USA - S&P500,0
PLD,USA - S&P500,0
PRU,USA - S&P500,0
PEG,USA - S&P500,0
PTC,USA - S&P500,0
PSA,USA - S&P500,0
PHM,USA - S&P500,0
QRVO,USA - S&P500,0
PWR,USA - S&P500,0
QCOM,USA - S&P500,0
DGX,USA - S&P500,0
RL,USA - S&P500,0
RJF,USA - S&P500,0
RTX,USA - S&P500,0
O,USA - S&P500,0
REG,USA - S&P500,0
REGN,USA - S&P500,0
RF,USA - S&P500,0
RSG,USA - S&P500,0
RMD,USA - S&P500,0
RVTY,USA - S&P500,0
ROK,USA - S&P500,0
ROL,USA - S&P500,0
ROP,USA - S&P500,0
ROST,USA - S&P500,0
RCL,USA - S&P500,0
SPGI,USA - S&P500,0
CRM,USA - S&P500,0
SBAC,USA - S&P500,0
SLB,USA - S&P500,0
STX,USA - S&P500,0
SEE,USA - S&P500,0
SRE,USA - S&P500,0
NOW,USA - S&P500,0
SHW,USA - S&P500,0
SPG,USA - S&P500,0
SWKS,USA - S&P500,0
SJM,USA - S&P500,0
SNA,USA - S&P500,0
SOLV,USA - S&P500,0
SO,USA - S&P500,0
LUV,USA - S&P500,0
SWK,USA - S&P500,0
SBUX,USA - S&P500,0
STT,USA - S&P500,0
STLD,USA - S&P500,0
STE,USA - S&P500,0
SYK,USA - S&P500,0
SMCI,USA - S&P500,0
SYF,USA - S&P500,0
SNPS,USA - S&P500,0
SYY,USA - S&P500,0
TMUS,USA - S&P500,0
TROW,USA - S&P500,0
TTWO,USA - S&P500,0
TPR,USA - S&P500,0
TRGP,USA - S&P500,0
TGT,USA - S&P500,0
TEL,USA - S&P500,0
TDY,USA - S&P500,0
TFX,USA - S&P500,0
TER,USA - S&P500,0
TSLA,USA - S&P500,0
TXN,USA - S&P500,0
TXT,USA - S&P500,0
TMO,USA - S&P500,0
TJX,USA - S&P500,0
TSCO,USA - S&P500,0
TT,USA - S&P500,0
TDG,USA - S&P500,0
TRV,USA - S&P500,0
TRMB,USA - S&P500,0
TFC,USA - S&P500,0
TYL,USA - S&P500,0
TSN,USA - S&P500,0
USB,USA - S&P500,0
UBER,USA - S&P500,0
UDR,USA - S&P500,0
ULTA,USA - S&P500,0
UNP,USA - S&P500,0
UAL,USA - S&P500,0
UPS,USA - S&P500,0
URI,USA - S&P500,0
UNH,USA - S&P500,0
UHS,USA - S&P500,0
VLO,USA - S&P500,0
VTR,USA - S&P500,0
VRSN,USA - S&P500,0
VRSK,USA - S&P500,0
VZ,USA - S&P500,0
VRTX,USA - S&P500,0
VLTO,USA - S&P500,0
V,USA - S&P500,0
VST,USA - S&P500,0
VFC,USA - S&P500,0
VTRS,USA - S&P500,0
VICI,USA - S&P500,0
VNO,USA - S&P500,0
VMC,USA - S&P500,0
WRB,USA - S&P500,0
GWW,USA - S&P500,0
WAB,USA - S&P500,0
WBA,USA - S&P500,0
WMT,USA - S&P500,0
DIS,USA - S&P500,0
WBD,USA - S&P500,0
WM,USA - S&P500,0
WAT,USA - S&P500,0
WEC,USA - S&P500,0
WFC,USA - S&P500,0
WELL,USA - S&P500,0
WST,USA - S&P500,0
WDC,USA - S&P500,0
WY,USA - S&P500,0
WHR,USA - S&P500,0
WMB,USA - S&P500,0
WTW,USA - S&P500,0
WYNN,USA - S&P500,0
XEL,USA - S&P500,0
XYL,USA - S&P500,0
YUM,USA - S&P500,0
ZBRA,USA - S&P500,0
ZBH,USA - S&P500,0
ZTS,USA - S&P500,0
AACI,USA - Russell2000,0
AACT,USA - Russell2000,0
AADI,USA - Russell2000,0
AAOI,USA - Russell2000,0
AAON,USA - Russell2000,0
AAWW,USA - Russell2000,0
ABCB,USA - Russell2000,0
ABCL,USA - Russell2000,0
ABMD,USA - Russell2000,0
ABST,USA - Russell2000,0
ACAD,USA - Russell2000,0
ACAX,USA - Russell2000,0
ACCD,USA - Russell2000,0
ACET,USA - Russell2000,0
ACIW,USA - Russell2000,0
ACLS,USA - Russell2000,0
ACMR,USA - Russell2000,0
ACNB,USA - Russell2000,0
ACVA,USA - Russell2000,0
ADAG,USA - Russell2000,0
AEIS,USA - Russell2000,0
AENZ,USA - Russell2000,0
AERC,USA - Russell2000,0
AERI,USA - Russell2000,0
AFBI,USA - Russell2000,0
AFCG,USA - Russell2000,0
AFRI,USA - Russell2000,0
AGBA,USA - Russell2000,0
AGCO,USA - Russell2000,0
AGEN,USA - Russell2000,0
AGMH,USA - Russell2000,0
AGRI,USA - Russell2000,0
AGYS,USA - Russell2000,0
AHCO,USA - Russell2000,0
AHPI,USA - Russell2000,0
AIMD,USA - Russell2000,0
AIRC,USA - Russell2000,0
AIRG,USA - Russell2000,0
AIRT,USA - Russell2000,0
AIXI,USA - Russell2000,0
AKBA,USA - Russell2000,0
AKRO,USA - Russell2000,0
AKTS,USA - Russell2000,0
ALCO,USA - Russell2000,0
ALEC,USA - Russell2000,0
ALGT,USA - Russell2000,0
ALIM,USA - Russell2000,0
ALKS,USA - Russell2000,0
ALLK,USA - Russell2000,0
ALLT,USA - Russell2000,0
ALNG,USA - Russell2000,0
ALRM,USA - Russell2000,0
ALRS,USA - Russell2000,0
ALSA,USA - Russell2000,0
ALTO,USA - Russell2000,0
ALUR,USA - Russell2000,0
AMBC,USA - Russell2000,0
AMBI,USA - Russell2000,0
AMBO,USA - Russell2000,0
AMCX,USA - Russell2000,0
AMEH,USA - Russell2000,0
AMEQ,USA - Russell2000,0
AMKR,USA - Russell2000,0
AMMO,USA - Russell2000,0
AMNB,USA - Russell2000,0
AMPH,USA - Russell2000,0
AMRK,USA - Russell2000,0
AMRN,USA - Russell2000,0
AMRX,USA - Russell2000,0
AMSC,USA - Russell2000,0
AMSF,USA - Russell2000,0
AMTB,USA - Russell2000,0
AMTX,USA - Russell2000,0
AMWL,USA - Russell2000,0
ANAB,USA - Russell2000,0
ANAT,USA - Russell2000,0
ANCN,USA - Russell2000,0
ANDE,USA - Russell2000,0
ANGI,USA - Russell2000,0
ANIP,USA - Russell2000,0
ANIX,USA - Russell2000,0
ANNX,USA - Russell2000,0
ANPC,USA - Russell2000,0
ANTE,USA - Russell2000,0
AORT,USA - Russell2000,0
APAM,USA - Russell2000,0
APCA,USA - Russell2000,0
APCX,USA - Russell2000,0
APEI,USA - Russell2000,0
APGE,USA - Russell2000,0
APLS,USA - Russell2000,0
APLM,USA - Russell2000,0
APLT,USA - Russell2000,0
APOG,USA - Russell2000,0
APPF,USA - Russell2000,0
APPS,USA - Russell2000,0
APRE,USA - Russell2000,0
ARAV,USA - Russell2000,0
ARCB,USA - Russell2000,0
ARCC,USA - Russell2000,0
ARCO,USA - Russell2000,0
ARCT,USA - Russell2000,0
ARDC,USA - Russell2000,0
ARDX,USA - Russell2000,0
AREC,USA - Russell2000,0
AREB,USA - Russell2000,0
ARES,USA - Russell2000,0
ARHS,USA - Russell2000,0
ARKO,USA - Russell2000,0
ARKR,USA - Russell2000,0
ARMP,USA - Russell2000,0
ARNS,USA - Russell2000,0
AROC,USA - Russell2000,0
AROW,USA - Russell2000,0
ARQT,USA - Russell2000,0
ARRY,USA - Russell2000,0
ARTE,USA - Russell2000,0
ARTL,USA - Russell2000,0
ARTNA,USA - Russell2000,0
ARVN,USA - Russell2000,0
ARWR,USA - Russell2000,0
ASAX,USA - Russell2000,0
ASFI,USA - Russell2000,0
ASLE,USA - Russell2000,0
ASND,USA - Russell2000,0
ASPS,USA - Russell2000,0
ASRT,USA - Russell2000,0
ASRV,USA - Russell2000,0
ASTC,USA - Russell2000,0
ASTE,USA - Russell2000,0
ASUR,USA - Russell2000,0
ASYS,USA - Russell2000,0
ATAI,USA - Russell2000,0
ATEC,USA - Russell2000,0
ATEX,USA - Russell2000,0
ATGN,USA - Russell2000,0
ATHL,USA - Russell2000,0
ATHS,USA - Russell2000,0
ATLC,USA - Russell2000,0
ATLO,USA - Russell2000,0
ATMU,USA - Russell2000,0
ATNI,USA - Russell2000,0
ATNM,USA - Russell2000,0
ATOB,USA - Russell2000,0
ATOM,USA - Russell2000,0
ATOS,USA - Russell2000,0
ATRC,USA - Russell2000,0
ATRI,USA - Russell2000,0
ATRS,USA - Russell2000,0
ATSG,USA - Russell2000,0
ATTO,USA - Russell2000,0
ATXG,USA - Russell2000,0
ATXI,USA - Russell2000,0
ATXS,USA - Russell2000,0
AUID,USA - Russell2000,0
AUTL,USA - Russell2000,0
AVAV,USA - Russell2000,0
AVBH,USA - Russell2000,0
AVDL,USA - Russell2000,0
AVDX,USA - Russell2000,0
AVEO,USA - Russell2000,0
AVGR,USA - Russell2000,0
AVID,USA - Russell2000,0
AVIN,USA - Russell2000,0
AVIR,USA - Russell2000,0
AVNW,USA - Russell2000,0
AVPT,USA - Russell2000,0
AVRO,USA - Russell2000,0
AVTE,USA - Russell2000,0
AVTR,USA - Russell2000,0
AVXL,USA - Russell2000,0
AWRE,USA - Russell2000,0
AXDX,USA - Russell2000,0
AXGN,USA - Russell2000,0
AXNX,USA - Russell2000,0
AXSM,USA - Russell2000,0
AXTI,USA - Russell2000,0
AZUL,USA - Russell2000,0
AZYO,USA - Russell2000,0
BAND,USA - Russell2000,0
BANF,USA - Russell2000,0
BANR,USA - Russell2000,0
BATRA,USA - Russell2000,0
BATRK,USA - Russell2000,0
BBCP,USA - Russell2000,0
BBIO,USA - Russell2000,0
BBSI,USA - Russell2000,0
BCAB,USA - Russell2000,0
BCAL,USA - Russell2000,0
BCAT,USA - Russell2000,0
BCBP,USA - Russell2000,0
BCEL,USA - Russell2000,0
BCLI,USA - Russell2000,0
BCML,USA - Russell2000,0
BCOV,USA - Russell2000,0
BCPC,USA - Russell2000,0
BCRX,USA - Russell2000,0
BCSA,USA - Russell2000,0
BCTX,USA - Russell2000,0
BCYC,USA - Russell2000,0
BDNB,USA - Russell2000,0
BDSX,USA - Russell2000,0
BDTX,USA - Russell2000,0
BEAM,USA - Russell2000,0
BEAT,USA - Russell2000,0
BECN,USA - Russell2000,0
BELFB,USA - Russell2000,0
BFAM,USA - Russell2000,0
BFIN,USA - Russell2000,0
BFLY,USA - Russell2000,0
BFRI,USA - Russell2000,0
BGNE,USA - Russell2000,0
BGRY,USA - Russell2000,0
BGSF,USA - Russell2000,0
BHVN,USA - Russell2000,0
BIAF,USA - Russell2000,0
BIOL,USA - Russell2000,0
BKKT,USA - Russell2000,0
BKNG,USA - Russell2000,0
BKTI,USA - Russell2000,0
BLDE,USA - Russell2000,0
BLDP,USA - Russell2000,0
BLFS,USA - Russell2000,0
BLFY,USA - Russell2000,0
BLMN,USA - Russell2000,0
BLNK,USA - Russell2000,0
BLPH,USA - Russell2000,0
BLRX,USA - Russell2000,0
BLTE,USA - Russell2000,0
BLUE,USA - Russell2000,0
BLVI,USA - Russell2000,0
BMBL,USA - Russell2000,0
BMEA,USA - Russell2000,0
BMRC,USA - Russell2000,0
BMTC,USA - Russell2000,0
BNGO,USA - Russell2000,0
BNIX,USA - Russell2000,0
BNRG,USA - Russell2000,0
BODY,USA - Russell2000,0
BOLT,USA - Russell2000,0
BOOM,USA - Russell2000,0
BOOT,USA - Russell2000,0
BPMC,USA - Russell2000,0
BPOP,USA - Russell2000,0
BPRN,USA - Russell2000,0
BPTH,USA - Russell2000,0
BPYP,USA - Russell2000,0
BRBR,USA - Russell2000,0
BRBS,USA - Russell2000,0
BRDG,USA - Russell2000,0
BREY,USA - Russell2000,0
BRFS,USA - Russell2000,0
BRID,USA - Russell2000,0
BRLT,USA - Russell2000,0
BROG,USA - Russell2000,0
BRTX,USA - Russell2000,0
BRVI,USA - Russell2000,0
BSFC,USA - Russell2000,0
BSGM,USA - Russell2000,0
BSIG,USA - Russell2000,0
BSRR,USA - Russell2000,0
BSVN,USA - Russell2000,0
BTAI,USA - Russell2000,0
BTBT,USA - Russell2000,0
BTEL,USA - Russell2000,0
BTMD,USA - Russell2000,0
BTTX,USA - Russell2000,0
BTUS,USA - Russell2000,0
BURL,USA - Russell2000,0
BUSE,USA - Russell2000,0
BVNK,USA - Russell2000,0
BWFG,USA - Russell2000,0
BWMN,USA - Russell2000,0
BWXT,USA - Russell2000,0
BYFC,USA - Russell2000,0
BYRN,USA - Russell2000,0
BYSI,USA - Russell2000,0
CAAS,USA - Russell2000,0
CABO,USA - Russell2000,0
CABA,USA - Russell2000,0
CACI,USA - Russell2000,0
CADE,USA - Russell2000,0
CAKE,USA - Russell2000,0
CALB,USA - Russell2000,0
CALM,USA - Russell2000,0
CALX,USA - Russell2000,0
CAMP,USA - Russell2000,0
CANG,USA - Russell2000,0
CANO,USA - Russell2000,0
CARE,USA - Russell2000,0
CARG,USA - Russell2000,0
CARM,USA - Russell2000,0
CASA,USA - Russell2000,0
CASI,USA - Russell2000,0
CATO,USA - Russell2000,0
CBAN,USA - Russell2000,0
CBAT,USA - Russell2000,0
CBFV,USA - Russell2000,0
AFRM,USA - Nasdaq,0
AI,USA - Nasdaq,0
ALNY,USA - Nasdaq,0
APP,USA - Nasdaq,0
APPN,USA - Nasdaq,0
ASML,USA - Nasdaq,0
ASTS,USA - Nasdaq,0
ATVI,USA - Nasdaq,0
AZPN,USA - Nasdaq,0
BIDU,USA - Nasdaq,0
BILL,USA - Nasdaq,0
BMRN,USA - Nasdaq,0
BRZE,USA - Nasdaq,0
CDLX,USA - Nasdaq,0
CELH,USA - Nasdaq,0
CGNX,USA - Nasdaq,0
CHDN,USA - Nasdaq,0
CHKP,USA - Nasdaq,0
CHWY,USA - Nasdaq,0
CIEN,USA - Nasdaq,0
CLOV,USA - Nasdaq,0
COIN,USA - Nasdaq,0
COHR,USA - Nasdaq,0
CPNG,USA - Nasdaq,0
CRDO,USA - Nasdaq,0
CROX,USA - Nasdaq,0
CRS,USA - Nasdaq,0
CRSP,USA - Nasdaq,0
CRWD,USA - Nasdaq,0
CYBR,USA - Nasdaq,0
DASH,USA - Nasdaq,0
DDOG,USA - Nasdaq,0
DOCU,USA - Nasdaq,0
DOMO,USA - Nasdaq,0
DUOL,USA - Nasdaq,0
EBIX,USA - Nasdaq,0
ESTC,USA - Nasdaq,0
ETRN,USA - Nasdaq,0
EXAS,USA - Nasdaq,0
EXEL,USA - Nasdaq,0
EXLS,USA - Nasdaq,0
EXPO,USA - Nasdaq,0
FATE,USA - Nasdaq,0
FIVE,USA - Nasdaq,0
FIVN,USA - Nasdaq,0
FLEX,USA - Nasdaq,0
FORM,USA - Nasdaq,0
FOUR,USA - Nasdaq,0
FROG,USA - Nasdaq,0
FUTU,USA - Nasdaq,0
GBIO,USA - Nasdaq,0
GDRX,USA - Nasdaq,0
GLBE,USA - Nasdaq,0
GLPG,USA - Nasdaq,0
GLOB,USA - Nasdaq,0
GLPI,USA - Nasdaq,0
GLYC,USA - Nasdaq,0
GMED,USA - Nasdaq,0
GNTX,USA - Nasdaq,0
GOLF,USA - Nasdaq,0
GOOS,USA - Nasdaq,0
GRAB,USA - Nasdaq,0
GRFS,USA - Nasdaq,0
GRPN,USA - Nasdaq,0
GRWG,USA - Nasdaq,0
GTLB,USA - Nasdaq,0
GWRE,USA - Nasdaq,0
HALO,USA - Nasdaq,0
HIMS,USA - Nasdaq,0
HOOD,USA - Nasdaq,0
HRMY,USA - Nasdaq,0
HUBS,USA - Nasdaq,0
IDCC,USA - Nasdaq,0
IDEX,USA - Nasdaq,0
IESC,USA - Nasdaq,0
ILMN,USA - Nasdaq,0
INMD,USA - Nasdaq,0
IONS,USA - Nasdaq,0
IRTC,USA - Nasdaq,0
ITCI,USA - Nasdaq,0
ITRI,USA - Nasdaq,0
JAMF,USA - Nasdaq,0
JOBY,USA - Nasdaq,0
KALA,USA - Nasdaq,0
KALV,USA - Nasdaq,0
KARO,USA - Nasdaq,0
KLIC,USA - Nasdaq,0
KNSL,USA - Nasdaq,0
KROS,USA - Nasdaq,0
KRTX,USA - Nasdaq,0
KTOS,USA - Nasdaq,0
KYMR,USA - Nasdaq,0
LBRDA,USA - Nasdaq,0
LCII,USA - Nasdaq,0
LECO,USA - Nasdaq,0
LESL,USA - Nasdaq,0
LGIH,USA - Nasdaq,0
LGND,USA - Nasdaq,0
LHCG,USA - Nasdaq,0
LITE,USA - Nasdaq,0
LIVN,USA - Nasdaq,0
LMAT,USA - Nasdaq,0
LNTH,USA - Nasdaq,0
LPLA,USA - Nasdaq,0
LPSN,USA - Nasdaq,0
LQDT,USA - Nasdaq,0
LSTR,USA - Nasdaq,0
LUNA,USA - Nasdaq,0
LWAY,USA - Nasdaq,0
LYFT,USA - Nasdaq,0
LYRA,USA - Nasdaq,0
MARA,USA - Nasdaq,0
MASI,USA - Nasdaq,0
MAXN,USA - Nasdaq,0
MBLY,USA - Nasdaq,0
MDGL,USA - Nasdaq,0
MEDP,USA - Nasdaq,0
MELI,USA - Nasdaq,0
MGNI,USA - Nasdaq,0
MIRM,USA - Nasdaq,0
MLKN,USA - Nasdaq,0
MMSI,USA - Nasdaq,0
MNKD,USA - Nasdaq,0
MNMD,USA - Nasdaq,0
MNTV,USA - Nasdaq,0
MODN,USA - Nasdaq,0
MORN,USA - Nasdaq,0
MOTS,USA - Nasdaq,0
MRUS,USA - Nasdaq,0
MRVL,USA - Nasdaq,0
MSTR,USA - Nasdaq,0
MTSI,USA - Nasdaq,0
MYGN,USA - Nasdaq,0
MYOV,USA - Nasdaq,0
MYRG,USA - Nasdaq,0
NARI,USA - Nasdaq,0
NAUT,USA - Nasdaq,0
NKLA,USA - Nasdaq,0
NKTR,USA - Nasdaq,0
NLIT,USA - Nasdaq,0
NOVA,USA - Nasdaq,0
NRIX,USA - Nasdaq,0
NTNX,USA - Nasdaq,0
NTST,USA - Nasdaq,0
NVAX,USA - Nasdaq,0
NVEI,USA - Nasdaq,0
NVST,USA - Nasdaq,0
NXST,USA - Nasdaq,0
OBIT,USA - Nasdaq,0
OCGN,USA - Nasdaq,0
OFIX,USA - Nasdaq,0
OKTA,USA - Nasdaq,0
OLED,USA - Nasdaq,0
OMCL,USA - Nasdaq,0
OMGA,USA - Nasdaq,0
ONTO,USA - Nasdaq,0
OPEN,USA - Nasdaq,0
OPRA,USA - Nasdaq,0
OSAT,USA - Nasdaq,0
PACB,USA - Nasdaq,0
PAGS,USA - Nasdaq,0
PATK,USA - Nasdaq,0
PAYO,USA - Nasdaq,0
PCVX,USA - Nasdaq,0
PDCE,USA - Nasdaq,0
PDCO,USA - Nasdaq,0
PENN,USA - Nasdaq,0
PHAT,USA - Nasdaq,0
PINC,USA - Nasdaq,0
PINS,USA - Nasdaq,0
PIXY,USA - Nasdaq,0
PKST,USA - Nasdaq,0
PLAB,USA - Nasdaq,0
PLTK,USA - Nasdaq,0
PLUG,USA - Nasdaq,0
PNFP,USA - Nasdaq,0
PNTG,USA - Nasdaq,0
PORT,USA - Nasdaq,0
POWL,USA - Nasdaq,0
POWI,USA - Nasdaq,0
PRCL,USA - Nasdaq,0
PRFT,USA - Nasdaq,0
PRGS,USA - Nasdaq,0
PRPL,USA - Nasdaq,0
PRTA,USA - Nasdaq,0
PRTK,USA - Nasdaq,0
PRVA,USA - Nasdaq,0
PSFE,USA - Nasdaq,0
PSNL,USA - Nasdaq,0
PTGX,USA - Nasdaq,0
PTRA,USA - Nasdaq,0
PTVE,USA - Nasdaq,0
PUBM,USA - Nasdaq,0
PYCR,USA - Nasdaq,0
PYTM,USA - Nasdaq,0
QDEL,USA - Nasdaq,0
QFIN,USA - Nasdaq,0
QNST,USA - Nasdaq,0
QLYS,USA - Nasdaq,0
QTWO,USA - Nasdaq,0
RAMP,USA - Nasdaq,0
RARE,USA - Nasdaq,0
RCKT,USA - Nasdaq,0
RDNT,USA - Nasdaq,0
REAL,USA - Nasdaq,0
RELY,USA - Nasdaq,0
RGEN,USA - Nasdaq,0
RLAY,USA - Nasdaq,0
RMBS,USA - Nasdaq,0
RMED,USA - Nasdaq,0
RMNI,USA - Nasdaq,0
ROIC,USA - Nasdaq,0
ROKU,USA - Nasdaq,0
RPAY,USA - Nasdaq,0
RPRX,USA - Nasdaq,0
RPTX,USA - Nasdaq,0
RRBI,USA - Nasdaq,0
RVNC,USA - Nasdaq,0
RVMD,USA - Nasdaq,0
RXRX,USA - Nasdaq,0
RYTM,USA - Nasdaq,0
SAGE,USA - Nasdaq,0
SAIA,USA - Nasdaq,0
SAMA,USA - Nasdaq,0
SBGI,USA - Nasdaq,0
SBRA,USA - Nasdaq,0
SCNI,USA - Nasdaq,0
SEER,USA - Nasdaq,0
SENS,USA - Nasdaq,0
SHAK,USA - Nasdaq,0
SHOP,USA - Nasdaq,0
SILK,USA - Nasdaq,0
SITE,USA - Nasdaq,0
SITM,USA - Nasdaq,0
SLDB,USA - Nasdaq,0
SLNO,USA - Nasdaq,0
SMBC,USA - Nasdaq,0
SMAR,USA - Nasdaq,0
SMMT,USA - Nasdaq,0
SMPL,USA - Nasdaq,0
SNDX,USA - Nasdaq,0
SOFI,USA - Nasdaq,0
SOUN,USA - Nasdaq,0
SPCE,USA - Nasdaq,0
SPOK,USA - Nasdaq,0
SPSC,USA - Nasdaq,0
SRDX,USA - Nasdaq,0
SREV,USA - Nasdaq,0
SRPT,USA - Nasdaq,0
SSTI,USA - Nasdaq,0
STAA,USA - Nasdaq,0
STNE,USA - Nasdaq,0
STOK,USA - Nasdaq,0
STRA,USA - Nasdaq,0
SUMO,USA - Nasdaq,0
SUUN,USA - Nasdaq,0
SWAV,USA - Nasdaq,0
SWTX,USA - Nasdaq,0
SYBT,USA - Nasdaq,0
SYNH,USA - Nasdaq,0
TARS,USA - Nasdaq,0
TASK,USA - Nasdaq,0
TBPH,USA - Nasdaq,0
TCBK,USA - Nasdaq,0
TCMD,USA - Nasdaq,0
TDOC,USA - Nasdaq,0
TENB,USA - Nasdaq,0
TGTX,USA - Nasdaq,0
TIGR,USA - Nasdaq,0
TILE,USA - Nasdaq,0
TMDX,USA - Nasdaq,0
TMST,USA - Nasdaq,0
TNDM,USA - Nasdaq,0
TNET,USA - Nasdaq,0
TORC,USA - Nasdaq,0
TPIC,USA - Nasdaq,0
TPTX,USA - Nasdaq,0
TREE,USA - Nasdaq,0
TRIN,USA - Nasdaq,0
TRIP,USA - Nasdaq,0
TRMK,USA - Nasdaq,0
TRNC,USA - Nasdaq,0
TRUP,USA - Nasdaq,0
TTEC,USA - Nasdaq,0
TTGT,USA - Nasdaq,0
TUSK,USA - Nasdaq,0
TWKS,USA - Nasdaq,0
TZOO,USA - Nasdaq,0
UDMY,USA - Nasdaq,0
ULCC,USA - Nasdaq,0
UPST,USA - Nasdaq,0
URBN,USA - Nasdaq,0
USPH,USA - Nasdaq,0
VCNX,USA - Nasdaq,0
VCYT,USA - Nasdaq,0
VERI,USA - Nasdaq,0
VIEW,USA - Nasdaq,0
VIGL,USA - Nasdaq,0
VIRT,USA - Nasdaq,0
VITL,USA - Nasdaq,0
VIVO,USA - Nasdaq,0
VNDA,USA - Nasdaq,0
VNET,USA - Nasdaq,0
VNRX,USA - Nasdaq,0
VONE,USA - Nasdaq,0
VRNA,USA - Nasdaq,0
VRNS,USA - Nasdaq,0
VRNT,USA - Nasdaq,0
VSAT,USA - Nasdaq,0
VSCO,USA - Nasdaq,0
VSTA,USA - Nasdaq,0
VTGN,USA - Nasdaq,0
VTOL,USA - Nasdaq,0
VYGR,USA - Nasdaq,0
VZIO,USA - Nasdaq,0
WASH,USA - Nasdaq,0
WCLD,USA - Nasdaq,0
WDAY,USA - Nasdaq,0
WDFC,USA - Nasdaq,0
WFRD,USA - Nasdaq,0
WING,USA - Nasdaq,0
WKHS,USA - Nasdaq,0
WLDN,USA - Nasdaq,0
WLFC,USA - Nasdaq,0
WORX,USA - Nasdaq,0
WPRT,USA - Nasdaq,0
WRAP,USA - Nasdaq,0
WSBC,USA - Nasdaq,0
WSFS,USA - Nasdaq,0
WTBA,USA - Nasdaq,0
WTFC,USA - Nasdaq,0
WULF,USA - Nasdaq,0
XAIR,USA - Nasdaq,0
XBIT,USA - Nasdaq,0
XCUR,USA - Nasdaq,0
XENE,USA - Nasdaq,0
XERS,USA - Nasdaq,0
XFOR,USA - Nasdaq,0
XNCR,USA - Nasdaq,0
XPEL,USA - Nasdaq,0
XRAY,USA - Nasdaq,0
XRPD,USA - Nasdaq,0
XTLB,USA - Nasdaq,0
XYLO,USA - Nasdaq,0
YELL,USA - Nasdaq,0
YGMZ,USA - Nasdaq,0
YORW,USA - Nasdaq,0
YTEN,USA - Nasdaq,0
ZETA,USA - Nasdaq,0
ZEUS,USA - Nasdaq,0
ZGNX,USA - Nasdaq,0
ZION,USA - Nasdaq,0
ZLAB,USA - Nasdaq,0
ZLTQ,USA - Nasdaq,0
ZMRK,USA - Nasdaq,0
ZNGA,USA - Nasdaq,0
ZPAY,USA - Nasdaq,0
ZS,USA - Nasdaq,0
ZUMZ,USA - Nasdaq,0
AIR.PA,Europe - France,1
AI.PA,Europe - France,1
ATO.PA,Europe - France,1
BNP.PA,Europe - France,1
EN.PA,Europe - France,1
CAP.PA,Europe - France,1
CA.PA,Europe - France,1
ACA.PA,Europe - France,1
DSY.PA,Europe - France,1
ENGI.PA,Europe - France,1
EL.PA,Europe - France,1
RMS.PA,Europe - France,1
KER.PA,Europe - France,1
LR.PA,Europe - France,1
OR.PA,Europe - France,1
MC.PA,Europe - France,1
ORA.PA,Europe - France,1
PUB.PA,Europe - France,1
RI.PA,Europe - France,1
RNO.PA,Europe - France,1
SAF.PA,Europe - France,1
SGO.PA,Europe - France,1
SAN.PA,Europe - France,1
SU.PA,Europe - France,1
GLE.PA,Europe - France,1
HO.PA,Europe - France,1
TTE.PA,Europe - France,1
VIE.PA,Europe - France,1
DG.PA,Europe - France,1
WLN.PA,Europe - France,1
ERF.PA,Europe - France,1
CS.PA,Europe - France,1
ALO.PA,Europe - France,1
MT.AS,Europe - France,1
STM.PA,Europe - France,1
ML.PA,Europe - France,1
SPIE.PA,Europe - France,1
COFA.PA,Europe - France,1
CNP.PA,Europe - France,1
ELIS.PA,Europe - France,1
GTT.PA,Europe - France,1
MMB.PA,Europe - France,1
UBI.PA,Europe - France,1
FNAC.PA,Europe - France,1
SRP.PA,Europe - France,1
REXEL.PA,Europe - France,0
TIKR.PA,Europe - France,0
CLAR.PA,Europe - France,0
SFCA.PA,Europe - France,0
ABCA.PA,Europe - France,0
APAM.PA,Europe - France,0
CBM.PA,Europe - France,0
DDOG.PA,Europe - France,0
FLNC.PA,Europe - France,0
GFC.PA,Europe - France,0
HEXAB.PA,Europe - France,0
IDP.PA,Europe - France,0
LOUP.PA,Europe - France,0
MERSEN.PA,Europe - France,0
MF.PA,Europe - France,0
MKEA.PA,Europe - France,0
NXEP.PA,Europe - France,0
OSE.PA,Europe - France,0
SAUR.PA,Europe - France,0
SBFP.PA,Europe - France,0
SEFER.PA,Europe - France,0
SMCP.PA,Europe - France,0
TRQ.PA,Europe - France,0
VNET.PA,Europe - France,0
BARN.PA,Europe - France,0
SAP.DE,Europe - Allemagne,1
SIE.DE,Europe - Allemagne,1
ALV.DE,Europe - Allemagne,1
MUV2.DE,Europe - Allemagne,1
BAYN.DE,Europe - Allemagne,1
BMW.DE,Europe - Allemagne,1
MBG.DE,Europe - Allemagne,1
RWE.DE,Europe - Allemagne,1
DTE.DE,Europe - Allemagne,1
BAS.DE,Europe - Allemagne,1
IFX.DE,Europe - Allemagne,1
MRK.DE,Europe - Allemagne,1
VOW3.DE,Europe - Allemagne,1
ADS.DE,Europe - Allemagne,1
DB1.DE,Europe - Allemagne,1
DHL.DE,Europe - Allemagne,1
EOAN.DE,Europe - Allemagne,1
FRE.DE,Europe - Allemagne,1
HEI.DE,Europe - Allemagne,1
HEN3.DE,Europe - Allemagne,1
LIN.DE,Europe - Allemagne,1
VNA.DE,Europe - Allemagne,1
ZAL.DE,Europe - Allemagne,1
DHER.DE,Europe - Allemagne,1
BEI.DE,Europe - Allemagne,1
ENR.DE,Europe - Allemagne,0
PAH3.DE,Europe - Allemagne,0
SRT3.DE,Europe - Allemagne,1
EVK.DE,Europe - Allemagne,1
HAB.DE,Europe - Allemagne,0
HLAG.DE,Europe - Allemagne,0
KGX.DE,Europe - Allemagne,0
LEG.DE,Europe - Allemagne,0
PSM.DE,Europe - Allemagne,0
PUM.DE,Europe - Allemagne,0
SGL.DE,Europe - Allemagne,1
TUI1.DE,Europe - Allemagne,0
WAF.DE,Europe - Allemagne,0
WCH.DE,Europe - Allemagne,0
MTX.DE,Europe - Allemagne,0
SHL.DE,Europe - Allemagne,0
HFG.DE,Europe - Allemagne,0
NDA.DE,Europe - Allemagne,0
CWC.DE,Europe - Allemagne,0
GXI.DE,Europe - Allemagne,0
AIXA.DE,Europe - Allemagne,0
ARWR.DE,Europe - Allemagne,0
BC8.DE,Europe - Allemagne,0
BNR.DE,Europe - Allemagne,0
BOSS.DE,Europe - Allemagne,0
CARL.DE,Europe - Allemagne,0
CLIQ.DE,Europe - Allemagne,0
COBA.DE,Europe - Allemagne,0
COK.DE,Europe - Allemagne,0
DEQ.DE,Europe - Allemagne,0
DIC.DE,Europe - Allemagne,0
DKGR.DE,Europe - Allemagne,0
DMRE.DE,Europe - Allemagne,0
DRW3.DE,Europe - Allemagne,0
DWNI.DE,Europe - Allemagne,0
ECK.DE,Europe - Allemagne,0
EING.DE,Europe - Allemagne,0
ELGX.DE,Europe - Allemagne,0
EMH.DE,Europe - Allemagne,0
EUTLX.DE,Europe - Allemagne,0
EVD.DE,Europe - Allemagne,0
FNTN.DE,Europe - Allemagne,0
G1A.DE,Europe - Allemagne,0
GBF.DE,Europe - Allemagne,0
GCPA.DE,Europe - Allemagne,0
GMM.DE,Europe - Allemagne,0
GNS.DE,Europe - Allemagne,0
GNTG.DE,Europe - Allemagne,0
GSC1.DE,Europe - Allemagne,0
HAEK.DE,Europe - Allemagne,0
HHFA.DE,Europe - Allemagne,0
HOT.DE,Europe - Allemagne,0
HYQ.DE,Europe - Allemagne,0
INH.DE,Europe - Allemagne,0
IONH.DE,Europe - Allemagne,0
JEN.DE,Europe - Allemagne,0
JUN3.DE,Europe - Allemagne,0
KNEBV.DE,Europe - Allemagne,0
KRPK.DE,Europe - Allemagne,0
KSC.DE,Europe - Allemagne,0
KWS.DE,Europe - Allemagne,0
LXS.DE,Europe - Allemagne,0
MDLZ.DE,Europe - Allemagne,0
MLP.DE,Europe - Allemagne,0
MRCG.DE,Europe - Allemagne,0
NDX1.DE,Europe - Allemagne,0
NOEJ.DE,Europe - Allemagne,0
NWO.DE,Europe - Allemagne,0
O2D.DE,Europe - Allemagne,0
OWTH.DE,Europe - Allemagne,0
PDXP.DE,Europe - Allemagne,0
PFV.DE,Europe - Allemagne,0
PSAN.DE,Europe - Allemagne,0
PTX.DE,Europe - Allemagne,0
PWO.DE,Europe - Allemagne,0
RAA.DE,Europe - Allemagne,0
RHMG.DE,Europe - Allemagne,0
RHM.DE,Europe - Allemagne,0
RIB.DE,Europe - Allemagne,0
RSL2.DE,Europe - Allemagne,0
S1O.DE,Europe - Allemagne,0
SANT.DE,Europe - Allemagne,0
SBFA.DE,Europe - Allemagne,0
SDX.DE,Europe - Allemagne,0
SFQN.DE,Europe - Allemagne,0
SFQ.DE,Europe - Allemagne,0
SGMS.DE,Europe - Allemagne,0
SIX2.DE,Europe - Allemagne,0
SKB.DE,Europe - Allemagne,0
SLT.DE,Europe - Allemagne,0
SMHN.DE,Europe - Allemagne,0
SPM.DE,Europe - Allemagne,0
SSPG.DE,Europe - Allemagne,0
STEN.DE,Europe - Allemagne,0
STX.DE,Europe - Allemagne,0
SYT.DE,Europe - Allemagne,0
TALG.DE,Europe - Allemagne,0
TAOP.DE,Europe - Allemagne,0
TCAG.DE,Europe - Allemagne,0
TCOM.DE,Europe - Allemagne,0
TGH.DE,Europe - Allemagne,0
TISG.DE,Europe - Allemagne,0
TLX.DE,Europe - Allemagne,0
TMV.DE,Europe - Allemagne,0
TQIA.DE,Europe - Allemagne,0
TRC.DE,Europe - Allemagne,0
TRNX.DE,Europe - Allemagne,0
UAG.DE,Europe - Allemagne,0
UBK.DE,Europe - Allemagne,0
UTDI.DE,Europe - Allemagne,0
VBK.DE,Europe - Allemagne,0
VK.DE,Europe - Allemagne,0
VOS.DE,Europe - Allemagne,0
WACKER.DE,Europe - Allemagne,0
WDP.DE,Europe - Allemagne,0
WKL.DE,Europe - Allemagne,0
WPC.DE,Europe - Allemagne,0
WUW.DE,Europe - Allemagne,0
ASML.AS,Europe - Benelux,1
INGA.AS,Europe - Benelux,1
PHIA.AS,Europe - Benelux,1
HEIA.AS,Europe - Benelux,1
NN.AS,Europe - Benelux,1
WKL.AS,Europe - Benelux,1
AKZA.AS,Europe - Benelux,1
UNA.AS,Europe - Benelux,1
IMCD.AS,Europe - Benelux,1
BESI.AS,Europe - Benelux,1
AMG.AS,Europe - Benelux,1
AALB.AS,Europe - Benelux,0
ADYEN.AS,Europe - Benelux,1
ARBN.AS,Europe - Benelux,0
DSMN.AS,Europe - Benelux,0
FLOW.AS,Europe - Benelux,0
FUGR.AS,Europe - Benelux,0
LIGHT.AS,Europe - Benelux,0
NSI.AS,Europe - Benelux,0
OCI.AS,Europe - Benelux,0
SBMO.AS,Europe - Benelux,0
TKWY.AS,Europe - Benelux,0
VPK.AS,Europe - Benelux,0
RAND.AS,Europe - Benelux,0
UCB.BR,Europe - Benelux,1
ABI.BR,Europe - Benelux,1
KBC.BR,Europe - Benelux,1
SOLB.BR,Europe - Benelux,1
COLR.BR,Europe - Benelux,1
GBLB.BR,Europe - Benelux,1
WDP.BR,Europe - Benelux,1
BEFB.BR,Europe - Benelux,0
BPOST.BR,Europe - Benelux,0
ELIA.BR,Europe - Benelux,0
GIMB.BR,Europe - Benelux,0
ACKB.BR,Europe - Benelux,0
GLPG.AS,Europe - Benelux,0
AEDIFICA.BR,Europe - Benelux,0
AGEAS.BR,Europe - Benelux,0
ARGX.BR,Europe - Benelux,0
BEVER.BR,Europe - Benelux,0
BIOC.BR,Europe - Benelux,0
CFE.BR,Europe - Benelux,0
DPAM.BR,Europe - Benelux,0
ELI.BR,Europe - Benelux,0
EXMAR.BR,Europe - Benelux,0
FLU.BR,Europe - Benelux,0
MOBI.BR,Europe - Benelux,0
QRF.BR,Europe - Benelux,0
SOFIN.BR,Europe - Benelux,0
TINC.BR,Europe - Benelux,0
VGP.BR,Europe - Benelux,0
XIOR.BR,Europe - Benelux,0
ITX.MC,Europe - Iberique,1
BBVA.MC,Europe - Iberique,1
SAN.MC,Europe - Iberique,1
TEF.MC,Europe - Iberique,1
IBE.MC,Europe - Iberique,1
REP.MC,Europe - Iberique,1
AMS.MC,Europe - Iberique,1
ELE.MC,Europe - Iberique,1
MAP.MC,Europe - Iberique,1
AENA.MC,Europe - Iberique,1
ACS.MC,Europe - Iberique,1
GRF.MC,Europe - Iberique,1
IAG.MC,Europe - Iberique,1
NTGY.MC,Europe - Iberique,1
ACX.MC,Europe - Iberique,0
BKIA.MC,Europe - Iberique,0
CIE.MC,Europe - Iberique,0
CLH.MC,Europe - Iberique,0
COL.MC,Europe - Iberique,0
ENG.MC,Europe - Iberique,0
FDR.MC,Europe - Iberique,0
FER.MC,Europe - Iberique,0
IDR.MC,Europe - Iberique,0
LOG.MC,Europe - Iberique,0
MEL.MC,Europe - Iberique,0
MRL.MC,Europe - Iberique,0
MTS.MC,Europe - Iberique,0
MVC.MC,Europe - Iberique,0
PHM.MC,Europe - Iberique,0
RED.MC,Europe - Iberique,0
RLIA.MC,Europe - Iberique,0
SAB.MC,Europe - Iberique,0
SLR.MC,Europe - Iberique,0
SOLARIA.MC,Europe - Iberique,0
TRE.MC,Europe - Iberique,0
UNI.MC,Europe - Iberique,0
VIS.MC,Europe - Iberique,0
ZOT.MC,Europe - Iberique,0
ATRP.MC,Europe - Iberique,0
ALNT.MC,Europe - Iberique,0
CAF.MC,Europe - Iberique,0
CABK.MC,Europe - Iberique,0
EDP.LS,Europe - Iberique,1
EDPR.LS,Europe - Iberique,1
GALP.LS,Europe - Iberique,1
JMT.LS,Europe - Iberique,1
NOS.LS,Europe - Iberique,0
NVG.LS,Europe - Iberique,0
SEM.LS,Europe - Iberique,0
SON.LS,Europe - Iberique,0
CTT.LS,Europe - Iberique,0
EGL.LS,Europe - Iberique,0
ENGI.LS,Europe - Iberique,0
MOTA.LS,Europe - Iberique,0
NBA.LS,Europe - Iberique,0
PHR.LS,Europe - Iberique,0
ENI.MI,Europe - Italie,1
ENEL.MI,Europe - Italie,1
ISP.MI,Europe - Italie,1
UCG.MI,Europe - Italie,1
LDO.MI,Europe - Italie,1
MB.MI,Europe - Italie,1
PRY.MI,Europe - Italie,1
A2A.MI,Europe - Italie,0
BAMI.MI,Europe - Italie,0
G.MI,Europe - Italie,0
MONC.MI,Europe - Italie,0
RACE.MI,Europe - Italie,0
SRG.MI,Europe - Italie,0
FCA.MI,Europe - Italie,0
AGL.MI,Europe - Italie,0
AMP.MI,Europe - Italie,0
BMPS.MI,Europe - Italie,0
BZU.MI,Europe - Italie,0
CNHI.MI,Europe - Italie,0
CPR.MI,Europe - Italie,0
CRG.MI,Europe - Italie,0
EXO.MI,Europe - Italie,0
FI.MI,Europe - Italie,0
GEO.MI,Europe - Italie,0
HER.MI,Europe - Italie,0
IG.MI,Europe - Italie,0
LOTTOMATICA.MI,Europe - Italie,0
PIRC.MI,Europe - Italie,0
PST.MI,Europe - Italie,0
REC.MI,Europe - Italie,0
STL.MI,Europe - Italie,0
TENAX.MI,Europe - Italie,0
TRN.MI,Europe - Italie,0
TIT.MI,Europe - Italie,0
BPE.MI,Europe - Italie,0
CASS.MI,Europe - Italie,0
DIA.MI,Europe - Italie,0
DIG.MI,Europe - Italie,0
ERG.MI,Europe - Italie,0
FALCK.MI,Europe - Italie,0
FBK.MI,Europe - Italie,0
FUL.MI,Europe - Italie,0
GVS.MI,Europe - Italie,0
IVG.MI,Europe - Italie,0
LU.MI,Europe - Italie,0
MARR.MI,Europe - Italie,0
MDBI.MI,Europe - Italie,0
MFE-A.MI,Europe - Italie,0
MUTUIONLINE.MI,Europe - Italie,0
PIAI.MI,Europe - Italie,0
PRM.MI,Europe - Italie,0
RAVE.MI,Europe - Italie,0
SFER.MI,Europe - Italie,0
SOL.MI,Europe - Italie,0
SOSI.MI,Europe - Italie,0
SPBMI.MI,Europe - Italie,0
SVIL.MI,Europe - Italie,0
TFI.MI,Europe - Italie,0
TIP.MI,Europe - Italie,0
TOD.MI,Europe - Italie,0
TSMG.MI,Europe - Italie,0
TXT.MI,Europe - Italie,0
UNI.MI,Europe - Italie,0
NESN.SW,Europe - Suisse,1
NOVN.SW,Europe - Suisse,1
ROG.SW,Europe - Suisse,1
ABBN.SW,Europe - Suisse,1
ZURN.SW,Europe - Suisse,1
UBSG.SW,Europe - Suisse,1
ADEN.SW,Europe - Suisse,1
ALC.SW,Europe - Suisse,1
GIVN.SW,Europe - Suisse,1
SIKA.SW,Europe - Suisse,1
SLHN.SW,Europe - Suisse,0
CFR.SW,Europe - Suisse,1
EMMN.SW,Europe - Suisse,0
GEBN.SW,Europe - Suisse,1
KNIN.SW,Europe - Suisse,1
PGHN.SW,Europe - Suisse,0
SCMN.SW,Europe - Suisse,0
TEMN.SW,Europe - Suisse,0
BALN.SW,Europe - Suisse,0
CSGN.SW,Europe - Suisse,0
SREN.SW,Europe - Suisse,0
LISN.SW,Europe - Suisse,0
HOLN.SW,Europe - Suisse,0
HELN.SW,Europe - Suisse,0
LOGN.SW,Europe - Suisse,0
VACN.SW,Europe - Suisse,0
CLTN.SW,Europe - Suisse,0
DKSH.SW,Europe - Suisse,0
EFGN.SW,Europe - Suisse,0
METN.SW,Europe - Suisse,0
SGKN.SW,Europe - Suisse,0
SGSN.SW,Europe - Suisse,0
SRENH.SW,Europe - Suisse,0
STMN.SW,Europe - Suisse,0
APGN.SW,Europe - Suisse,0
ARYN.SW,Europe - Suisse,0
BCGE.SW,Europe - Suisse,0
BCVN.SW,Europe - Suisse,0
BEKN.SW,Europe - Suisse,0
BLKB.SW,Europe - Suisse,0
BOBNN.SW,Europe - Suisse,0
BSKP.SW,Europe - Suisse,0
BUCN.SW,Europe - Suisse,0
BVZN.SW,Europe - Suisse,0
CALN.SW,Europe - Suisse,0
CERN.SW,Europe - Suisse,0
CICN.SW,Europe - Suisse,0
CMBN.SW,Europe - Suisse,0
COTN.SW,Europe - Suisse,0
CPGN.SW,Europe - Suisse,0
DESN.SW,Europe - Suisse,0
DOKA.SW,Europe - Suisse,0
DUFN.SW,Europe - Suisse,0
EDHN.SW,Europe - Suisse,0
EHTN.SW,Europe - Suisse,0
EMSN.SW,Europe - Suisse,0
FINN.SW,Europe - Suisse,0
FORN.SW,Europe - Suisse,0
FTON.SW,Europe - Suisse,0
GAVN.SW,Europe - Suisse,0
HBMN.SW,Europe - Suisse,0
HIAG.SW,Europe - Suisse,0
HUBN.SW,Europe - Suisse,0
IFCN.SW,Europe - Suisse,0
IINN.SW,Europe - Suisse,0
IMPN.SW,Europe - Suisse,0
INRN.SW,Europe - Suisse,0
JFIN.SW,Europe - Suisse,0
KARN.SW,Europe - Suisse,0
KEYN.SW,Europe - Suisse,0
KURN.SW,Europe - Suisse,0
LAHN.SW,Europe - Suisse,0
LEON.SW,Europe - Suisse,0
LINN.SW,Europe - Suisse,0
LKQN.SW,Europe - Suisse,0
LUKN.SW,Europe - Suisse,0
MBTN.SW,Europe - Suisse,0
MGNS.SW,Europe - Suisse,0
MOBN.SW,Europe - Suisse,0
MOZN.SW,Europe - Suisse,0
NBEN.SW,Europe - Suisse,0
OERL.SW,Europe - Suisse,0
ORXN.SW,Europe - Suisse,0
PATN.SW,Europe - Suisse,0
PEHN.SW,Europe - Suisse,0
PELN.SW,Europe - Suisse,0
PMAG.SW,Europe - Suisse,0
PSPN.SW,Europe - Suisse,0
PURN.SW,Europe - Suisse,0
RAHN.SW,Europe - Suisse,0
RAIN.SW,Europe - Suisse,0
RBBN.SW,Europe - Suisse,0
RIGN.SW,Europe - Suisse,0
ROSE.SW,Europe - Suisse,0
SABN.SW,Europe - Suisse,0
SCHP.SW,Europe - Suisse,0
SEHN.SW,Europe - Suisse,0
SENS.SW,Europe - Suisse,0
SFPN.SW,Europe - Suisse,0
SIGN.SW,Europe - Suisse,0
SKIN.SW,Europe - Suisse,0
SNBN.SW,Europe - Suisse,0
SOFN.SW,Europe - Suisse,0
SOON.SW,Europe - Suisse,0
STGN.SW,Europe - Suisse,0
STLN.SW,Europe - Suisse,0
TECN.SW,Europe - Suisse,0
TIBN.SW,Europe - Suisse,0
TOHN.SW,Europe - Suisse,0
UHRN.SW,Europe - Suisse,0
UNAX.SW,Europe - Suisse,0
UNON.SW,Europe - Suisse,0
VATN.SW,Europe - Suisse,0
VBSN.SW,Europe - Suisse,0
VETN.SW,Europe - Suisse,0
VIFN.SW,Europe - Suisse,0
VONN.SW,Europe - Suisse,0
WKBN.SW,Europe - Suisse,0
WLSN.SW,Europe - Suisse,0
ZUBN.SW,Europe - Suisse,0
ORSTED.CO,Europe - Nordiques,1
NOVO-B.CO,Europe - Nordiques,1
DSV.CO,Europe - Nordiques,1
CARL-B.CO,Europe - Nordiques,1
MAERSK-B.CO,Europe - Nordiques,0
COLO-B.CO,Europe - Nordiques,0
DEMANT.CO,Europe - Nordiques,0
GN.CO,Europe - Nordiques,0
ISS.CO,Europe - Nordiques,0
JYSK.CO,Europe - Nordiques,0
NETC.CO,Europe - Nordiques,0
NZYM-B.CO,Europe - Nordiques,0
PNDORA.CO,Europe - Nordiques,0
RBREW.CO,Europe - Nordiques,0
ROCKB.CO,Europe - Nordiques,0
SIEMENS.CO,Europe - Nordiques,0
TRYG.CO,Europe - Nordiques,0
VWS.CO,Europe - Nordiques,0
AMBU-B.CO,Europe - Nordiques,0
BAVA.CO,Europe - Nordiques,0
CHR.CO,Europe - Nordiques,0
FISE.CO,Europe - Nordiques,0
FLS.CO,Europe - Nordiques,0
GMAB.CO,Europe - Nordiques,0
HVID.CO,Europe - Nordiques,0
HYSA.CO,Europe - Nordiques,0
JEXP.CO,Europe - Nordiques,0
NLFSK.CO,Europe - Nordiques,0
NNIT.CO,Europe - Nordiques,0
NTG.CO,Europe - Nordiques,0
RELEASE.CO,Europe - Nordiques,0
RTX.CO,Europe - Nordiques,0
SCHB.CO,Europe - Nordiques,0
SIMS.CO,Europe - Nordiques,0
SPNO.CO,Europe - Nordiques,0
STERIH.CO,Europe - Nordiques,0
SYG.CO,Europe - Nordiques,0
TIVOLI.CO,Europe - Nordiques,0
TOPDANM.CO,Europe - Nordiques,0
WIND.CO,Europe - Nordiques,0
VOLV-B.ST,Europe - Nordiques,1
ERIC-B.ST,Europe - Nordiques,1
SEB-A.ST,Europe - Nordiques,1
SWED-A.ST,Europe - Nordiques,1
SHB-A.ST,Europe - Nordiques,0
ATCO-A.ST,Europe - Nordiques,0
ASSA-B.ST,Europe - Nordiques,1
ALFA.ST,Europe - Nordiques,0
SAND.ST,Europe - Nordiques,0
SKA-B.ST,Europe - Nordiques,0
SKF-B.ST,Europe - Nordiques,0
TEL2-B.ST,Europe - Nordiques,0
TELIA.ST,Europe - Nordiques,0
ABB.ST,Europe - Nordiques,0
AZN.ST,Europe - Nordiques,0
BOL.ST,Europe - Nordiques,0
BRAV.ST,Europe - Nordiques,0
CAST.ST,Europe - Nordiques,0
DIOS.ST,Europe - Nordiques,0
ELUX-B.ST,Europe - Nordiques,0
EQT.ST,Europe - Nordiques,0
EQTAB.ST,Europe - Nordiques,0
FABG.ST,Europe - Nordiques,0
GARO.ST,Europe - Nordiques,0
GETI-B.ST,Europe - Nordiques,0
HANSA-B.ST,Europe - Nordiques,0
HEXA-B.ST,Europe - Nordiques,0
HUFV-A.ST,Europe - Nordiques,0
HUSQ-B.ST,Europe - Nordiques,0
INVE-B.ST,Europe - Nordiques,0
ICA.ST,Europe - Nordiques,0
KINV-B.ST,Europe - Nordiques,0
LATO-B.ST,Europe - Nordiques,0
LIFCO-B.ST,Europe - Nordiques,0
LOOMIS.ST,Europe - Nordiques,0
NIBE-B.ST,Europe - Nordiques,0
NCC-B.ST,Europe - Nordiques,0
PEAB-B.ST,Europe - Nordiques,0
SAAB-B.ST,Europe - Nordiques,0
SAGA-B.ST,Europe - Nordiques,0
SECTRA-B.ST,Europe - Nordiques,0
SSAB-A.ST,Europe - Nordiques,0
SWMA.ST,Europe - Nordiques,0
SYSR.ST,Europe - Nordiques,0
THULE.ST,Europe - Nordiques,0
TREL-B.ST,Europe - Nordiques,0
WIHLB.ST,Europe - Nordiques,0
AAK.ST,Europe - Nordiques,0
ADDTECH-B.ST,Europe - Nordiques,0
DNB.OL,Europe - Nordiques,1
EQNR.OL,Europe - Nordiques,1
TEL.OL,Europe - Nordiques,1
MOWI.OL,Europe - Nordiques,1
ORK.OL,Europe - Nordiques,0
AKER.OL,Europe - Nordiques,0
AKERBP.OL,Europe - Nordiques,0
AUSS.OL,Europe - Nordiques,0
BAKKA.OL,Europe - Nordiques,0
BORR.OL,Europe - Nordiques,0
EIOF.OL,Europe - Nordiques,0
FROY.OL,Europe - Nordiques,0
GJF.OL,Europe - Nordiques,0
GOGL.OL,Europe - Nordiques,0
GRIEG.OL,Europe - Nordiques,0
NHY.OL,Europe - Nordiques,0
NONG.OL,Europe - Nordiques,0
NOD.OL,Europe - Nordiques,0
NRS.OL,Europe - Nordiques,0
PARB.OL,Europe - Nordiques,0
PGS.OL,Europe - Nordiques,0
REC.OL,Europe - Nordiques,0
SALM.OL,Europe - Nordiques,0
SCHA.OL,Europe - Nordiques,0
SCATC.OL,Europe - Nordiques,0
SDRL.OL,Europe - Nordiques,0
SEV.OL,Europe - Nordiques,0
SOAG.OL,Europe - Nordiques,0
SOFF.OL,Europe - Nordiques,0
SRBANK.OL,Europe - Nordiques,0
STB.OL,Europe - Nordiques,0
SUBC.OL,Europe - Nordiques,0
TOM.OL,Europe - Nordiques,0
TOPPC.OL,Europe - Nordiques,0
VAR.OL,Europe - Nordiques,0
VEI.OL,Europe - Nordiques,0
WWI.OL,Europe - Nordiques,0
YAR.OL,Europe - Nordiques,0
STERV.HE,Europe - Nordiques,1
NESTE.HE,Europe - Nordiques,1
KNEBV.HE,Europe - Nordiques,1
FORTUM.HE,Europe - Nordiques,0
NOKIA.HE,Europe - Nordiques,1
KEMIRA.HE,Europe - Nordiques,0
KONE.HE,Europe - Nordiques,1
METSO.HE,Europe - Nordiques,0
ORION.HE,Europe - Nordiques,0
OUTOKUMPU.HE,Europe - Nordiques,0
SANOMA.HE,Europe - Nordiques,0
TELIA1.HE,Europe - Nordiques,0
TIETO.HE,Europe - Nordiques,0
UPM.HE,Europe - Nordiques,0
VALMET.HE,Europe - Nordiques,0
WARTSILA.HE,Europe - Nordiques,0
YIT.HE,Europe - Nordiques,0
AALLON.HE,Europe - Nordiques,0
AFAGR.HE,Europe - Nordiques,0
AKTIA.HE,Europe - Nordiques,0
ALMA.HE,Europe - Nordiques,0
ASPO.HE,Europe - Nordiques,0
ATRAD.HE,Europe - Nordiques,0
BIOHIT.HE,Europe - Nordiques,0
BOREO.HE,Europe - Nordiques,0
CAPMAN.HE,Europe - Nordiques,0
CITYCON.HE,Europe - Nordiques,0
CONSTI.HE,Europe - Nordiques,0
CPHCHEM.HE,Europe - Nordiques,0
DETECTION.HE,Europe - Nordiques,0
DIGIA.HE,Europe - Nordiques,0
ENDOM.HE,Europe - Nordiques,0
EQT1V.HE,Europe - Nordiques,0
ESENSE.HE,Europe - Nordiques,0
ETF25.HE,Europe - Nordiques,0
EVLI.HE,Europe - Nordiques,0
EXLSRV.HE,Europe - Nordiques,0
FELLOW.HE,Europe - Nordiques,0
FIFAX.HE,Europe - Nordiques,0
FSKRS.HE,Europe - Nordiques,0
GOFORE.HE,Europe - Nordiques,0
HARVIA.HE,Europe - Nordiques,0
HKS.HE,Europe - Nordiques,0
HONKARAKENNE.HE,Europe - Nordiques,0
HOTANEN.HE,Europe - Nordiques,0
ILKKA2.HE,Europe - Nordiques,0
INCAP.HE,Europe - Nordiques,0
INDERES.HE,Europe - Nordiques,0
IOLAP.HE,Europe - Nordiques,0
KITRON.HE,Europe - Nordiques,0
KOJAMO.HE,Europe - Nordiques,0
LASSILA.HE,Europe - Nordiques,0
LEHTO.HE,Europe - Nordiques,0
LEMMINK.HE,Europe - Nordiques,0
LINKOSUO.HE,Europe - Nordiques,0
MEKA.HE,Europe - Nordiques,0
MERIH.HE,Europe - Nordiques,0
METSAG.HE,Europe - Nordiques,0
NETUM.HE,Europe - Nordiques,0
NIXU.HE,Europe - Nordiques,0
NORDEABANK.HE,Europe - Nordiques,0
NORCELL.HE,Europe - Nordiques,0
OHCORP.HE,Europe - Nordiques,0
OLVI.HE,Europe - Nordiques,0
ORSAS.HE,Europe - Nordiques,0
PIHLAJALIN.HE,Europe - Nordiques,0
PONSSE.HE,Europe - Nordiques,0
PRIVANET.HE,Europe - Nordiques,0
QPR.HE,Europe - Nordiques,0
RAPALA.HE,Europe - Nordiques,0
RAUTE.HE,Europe - Nordiques,0
REKA.HE,Europe - Nordiques,0
RELAIS.HE,Europe - Nordiques,0
ROVIO.HE,Europe - Nordiques,0
SAMPO.HE,Europe - Nordiques,0
SCANFIL.HE,Europe - Nordiques,0
SIEVI.HE,Europe - Nordiques,0
SOLTEQ.HE,Europe - Nordiques,0
SSAB.HE,Europe - Nordiques,0
TALENOM.HE,Europe - Nordiques,0
TOKMAN.HE,Europe - Nordiques,0
TOKMANNI.HE,Europe - Nordiques,0
TREVALI.HE,Europe - Nordiques,0
TULIKIVI.HE,Europe - Nordiques,0
UPONOR.HE,Europe - Nordiques,0
VERKKOKAUPPA.HE,Europe - Nordiques,0
VIAFIN.HE,Europe - Nordiques,0
VINCIT.HE,Europe - Nordiques,0
VKLN.HE,Europe - Nordiques,0
WITTED.HE,Europe - Nordiques,0
WORKED.HE,Europe - Nordiques,0
RELX,Europe - UK,0
BP.L,Europe - UK,0
SHEL.L,Europe - UK,0
HSBA.L,Europe - UK,0
LLOY.L,Europe - UK,0
AZN.L,Europe - UK,0
GSK.L,Europe - UK,0
ULVR.L,Europe - UK,0
RIO.L,Europe - UK,0
BHP.L,Europe - UK,0
AAL.L,Europe - UK,0
VOD.L,Europe - UK,0
BA.L,Europe - UK,0
BARC.L,Europe - UK,0
BATS.L,Europe - UK,0
BT-A.L,Europe - UK,0
CNA.L,Europe - UK,0
CPG.L,Europe - UK,0
DGE.L,Europe - UK,0
EVR.L,Europe - UK,0
EXPN.L,Europe - UK,0
FRES.L,Europe - UK,0
GLEN.L,Europe - UK,0
HLMA.L,Europe - UK,0
HL.L,Europe - UK,0
HSX.L,Europe - UK,0
IAG.L,Europe - UK,0
IHG.L,Europe - UK,0
IMB.L,Europe - UK,0
INF.L,Europe - UK,0
ITRK.L,Europe - UK,0
ITV.L,Europe - UK,0
JD.L,Europe - UK,0
JMAT.L,Europe - UK,0
KGF.L,Europe - UK,0
LAND.L,Europe - UK,0
LGEN.L,Europe - UK,0
MNDI.L,Europe - UK,0
MNG.L,Europe - UK,0
MRO.L,Europe - UK,0
NG.L,Europe - UK,0
NXT.L,Europe - UK,0
OCDO.L,Europe - UK,0
PHNX.L,Europe - UK,0
PSH.L,Europe - UK,0
PSN.L,Europe - UK,0
PSON.L,Europe - UK,0
REL.L,Europe - UK,0
RKT.L,Europe - UK,0
RMV.L,Europe - UK,0
ROR.L,Europe - UK,0
RRS.L,Europe - UK,0
RSA.L,Europe - UK,0
SBRY.L,Europe - UK,0
SDR.L,Europe - UK,0
SGE.L,Europe - UK,0
SGRO.L,Europe - UK,0
SKG.L,Europe - UK,0
SMDS.L,Europe - UK,0
SMIN.L,Europe - UK,0
SMT.L,Europe - UK,0
SN.L,Europe - UK,0
SPX.L,Europe - UK,0
SSE.L,Europe - UK,0
STAN.L,Europe - UK,0
SVT.L,Europe - UK,0
TSCO.L,Europe - UK,0
TUI.L,Europe - UK,0
TW.L,Europe - UK,0
WEIR.L,Europe - UK,0
WPP.L,Europe - UK,0
WTB.L,Europe - UK,0
ABDN.L,Europe - UK,0
ABF.L,Europe - UK,0
ADM.L,Europe - UK,0
AGK.L,Europe - UK,0
AGR.L,Europe - UK,0
AHT.L,Europe - UK,0
ANTO.L,Europe - UK,0
AUTO.L,Europe - UK,0
AV.L,Europe - UK,0
AVV.L,Europe - UK,0
AWE.L,Europe - UK,0
BNZL.L,Europe - UK,0
BOO.L,Europe - UK,0
BRBY.L,Europe - UK,0
CCH.L,Europe - UK,0
CCL.L,Europe - UK,0
CDG.L,Europe - UK,0
CINE.L,Europe - UK,0
CLLN.L,Europe - UK,0
CTEC.L,Europe - UK,0
CVS.L,Europe - UK,0
DCC.L,Europe - UK,0
DOCS.L,Europe - UK,0
DRAX.L,Europe - UK,0
DRX.L,Europe - UK,0
DS.L,Europe - UK,0
EMG.L,Europe - UK,0
ESNT.L,Europe - UK,0
FLTRF.L,Europe - UK,0
GFS.L,Europe - UK,0
GIVP.L,Europe - UK,0
GNK.L,Europe - UK,0
GRI.L,Europe - UK,0
GRST.L,Europe - UK,0
HARG.L,Europe - UK,0
HICL.L,Europe - UK,0
HIK.L,Europe - UK,0
HLN.L,Europe - UK,0
HMSO.L,Europe - UK,0
HWDN.L,Europe - UK,0
IBST.L,Europe - UK,0
IGG.L,Europe - UK,0
INCH.L,Europe - UK,0
INDV.L,Europe - UK,0
IPO.L,Europe - UK,0
IPOL.L,Europe - UK,0
JE.L,Europe - UK,0
JETQ.L,Europe - UK,0
JFJ.L,Europe - UK,0
JMG.L,Europe - UK,0
JPJ.L,Europe - UK,0
JRGI.L,Europe - UK,0
JUP.L,Europe - UK,0
JUST.L,Europe - UK,0
KAZ.L,Europe - UK,0
KBR.L,Europe - UK,0
KIE.L,Europe - UK,0
KLER.L,Europe - UK,0
KWS.L,Europe - UK,0
LBRT.L,Europe - UK,0
LIO.L,Europe - UK,0
LSEG.L,Europe - UK,0
LWDB.L,Europe - UK,0
LXI.L,Europe - UK,0
MARS.L,Europe - UK,0
MCLS.L,Europe - UK,0
MERL.L,Europe - UK,0
MGNS.L,Europe - UK,0
MICT.L,Europe - UK,0
MIKS.L,Europe - UK,0
MITIE.L,Europe - UK,0
MKS.L,Europe - UK,0
MNKS.L,Europe - UK,0
MODE.L,Europe - UK,0
MONY.L,Europe - UK,0
MPI.L,Europe - UK,0
MRC.L,Europe - UK,0
MRS.L,Europe - UK,0
MSLH.L,Europe - UK,0
MTW.L,Europe - UK,0
MWYS.L,Europe - UK,0
NCC.L,Europe - UK,0
NCYF.L,Europe - UK,0
NEX.L,Europe - UK,0
NFC.L,Europe - UK,0
NMC.L,Europe - UK,0
NOG.L,Europe - UK,0
NRR.L,Europe - UK,0
NUOG.L,Europe - UK,0
NWSA.L,Europe - UK,0
OCNB.L,Europe - UK,0
OFX.L,Europe - UK,0
OML.L,Europe - UK,0
ON.L,Europe - UK,0
OPP.L,Europe - UK,0
OSB.L,Europe - UK,0
OTB.L,Europe - UK,0
OXIG.L,Europe - UK,0
OXINF.L,Europe - UK,0
PFC.L,Europe - UK,0
PFD.L,Europe - UK,0
PGMV.L,Europe - UK,0
PIC.L,Europe - UK,0
PIN.L,Europe - UK,0
PLG.L,Europe - UK,0
PLUS.L,Europe - UK,0
PMI.L,Europe - UK,0
POLR.L,Europe - UK,0
PORT.L,Europe - UK,0
PRTC.L,Europe - UK,0
PURP.L,Europe - UK,0
PVG.L,Europe - UK,0
PVCS.L,Europe - UK,0
QUIZ.L,Europe - UK,0
RCDO.L,Europe - UK,0
RCP.L,Europe - UK,0
RDW.L,Europe - UK,0
RDSA.L,Europe - UK,0
RDSB.L,Europe - UK,0
RECN.L,Europe - UK,0
RGD.L,Europe - UK,0
RHI.L,Europe - UK,0
RICA.L,Europe - UK,0
RICO.L,Europe - UK,0
RMG.L,Europe - UK,0
RNK.L,Europe - UK,0
ROO.L,Europe - UK,0
ROST.L,Europe - UK,0
RPC.L,Europe - UK,0
RPT.L,Europe - UK,0
RTO.L,Europe - UK,0
RWIT.L,Europe - UK,0
S32.L,Europe - UK,0
SAFE.L,Europe - UK,0
SAGA.L,Europe - UK,0
SAL.L,Europe - UK,0
SAPE.L,Europe - UK,0
SCS.L,Europe - UK,0
SHED.L,Europe - UK,0
SHRE.L,Europe - UK,0
SHT.L,Europe - UK,0
SIG.L,Europe - UK,0
SLPE.L,Europe - UK,0
SNX.L,Europe - UK,0
SOLS.L,Europe - UK,0
SOM.L,Europe - UK,0
SPEC.L,Europe - UK,0
SPDI.L,Europe - UK,0
SPE.L,Europe - UK,0
SRP.L,Europe - UK,0
SRX.L,Europe - UK,0
SSL.L,Europe - UK,0
SWJ.L,Europe - UK,0
SXS.L,Europe - UK,0
SYNT.L,Europe - UK,0
TBC.L,Europe - UK,0
TCY.L,Europe - UK,0
TED.L,Europe - UK,0
TELE.L,Europe - UK,0
TET.L,Europe - UK,0
TGH.L,Europe - UK,0
TLW.L,Europe - UK,0
TPFG.L,Europe - UK,0
TRN.L,Europe - UK,0
TRTL.L,Europe - UK,0
TRS.L,Europe - UK,0
TRTX.L,Europe - UK,0
UBM.L,Europe - UK,0
UMIR.L,Europe - UK,0
UPGS.L,Europe - UK,0
UU.L,Europe - UK,0
VLX.L,Europe - UK,0
VNET.L,Europe - UK,0
VTC.L,Europe - UK,0
VTY.L,Europe - UK,0
WDI.L,Europe - UK,0
WINK.L,Europe - UK,0
WIZZ.L,Europe - UK,0
XAR.L,Europe - UK,0
XPS.L,Europe - UK,0
YCA.L,Europe - UK,0
YNGA.L,Europe - UK,0
ZNWD.L,Europe - UK,0
SU.TO,Amerique - Canada,0
CNQ.TO,Amerique - Canada,0
ABX.TO,Amerique - Canada,0
TD.TO,Amerique - Canada,0
RY.TO,Amerique - Canada,0
BNS.TO,Amerique - Canada,0
BMO.TO,Amerique - Canada,0
MFC.TO,Amerique - Canada,0
SLF.TO,Amerique - Canada,0
FFH.TO,Amerique - Canada,0
TRI.TO,Amerique - Canada,0
CP.TO,Amerique - Canada,0
CNR.TO,Amerique - Canada,0
WN.TO,Amerique - Canada,0
L.TO,Amerique - Canada,0
MRU.TO,Amerique - Canada,0
EMP-A.TO,Amerique - Canada,0
DOL.TO,Amerique - Canada,0
CTC-A.TO,Amerique - Canada,0
ATD.TO,Amerique - Canada,0
OTEX.TO,Amerique - Canada,0
CSU.TO,Amerique - Canada,0
DSG.TO,Amerique - Canada,0
GIB-A.TO,Amerique - Canada,0
MG.TO,Amerique - Canada,0
STN.TO,Amerique - Canada,0
WSP.TO,Amerique - Canada,0
CAE.TO,Amerique - Canada,0
SNC.TO,Amerique - Canada,0
IFC.TO,Amerique - Canada,0
POW.TO,Amerique - Canada,0
PWF.TO,Amerique - Canada,0
GWO.TO,Amerique - Canada,0
IAG.TO,Amerique - Canada,0
CWB.TO,Amerique - Canada,0
EQB.TO,Amerique - Canada,0
HCG.TO,Amerique - Canada,0
NA.TO,Amerique - Canada,0
CIX.TO,Amerique - Canada,0
PXT.TO,Amerique - Canada,0
MEG.TO,Amerique - Canada,0
ERF.TO,Amerique - Canada,0
VET.TO,Amerique - Canada,0
TPX-B.TO,Amerique - Canada,0
X.TO,Amerique - Canada,0
FM.TO,Amerique - Canada,0
CS.TO,Amerique - Canada,0
CCO.TO,Amerique - Canada,0
LUN.TO,Amerique - Canada,0
AEM.TO,Amerique - Canada,0
AGI.TO,Amerique - Canada,0
EDV.TO,Amerique - Canada,0
FNV.TO,Amerique - Canada,0
IMG.TO,Amerique - Canada,0
K.TO,Amerique - Canada,0
KL.TO,Amerique - Canada,0
NGT.TO,Amerique - Canada,0
OR.TO,Amerique - Canada,0
OGC.TO,Amerique - Canada,0
PVG.TO,Amerique - Canada,0
WPM.TO,Amerique - Canada,0
YRI.TO,Amerique - Canada,0
BHP.AX,Asie - Australie,0
CBA.AX,Asie - Australie,0
CSL.AX,Asie - Australie,0
WBC.AX,Asie - Australie,0
ANZ.AX,Asie - Australie,0
NAB.AX,Asie - Australie,0
WES.AX,Asie - Australie,0
MQG.AX,Asie - Australie,0
RIO.AX,Asie - Australie,0
TLS.AX,Asie - Australie,0
WOW.AX,Asie - Australie,0
STO.AX,Asie - Australie,0
BXB.AX,Asie - Australie,0
TCL.AX,Asie - Australie,0
AMC.AX,Asie - Australie,0
ALL.AX,Asie - Australie,0
APA.AX,Asie - Australie,0
ASX.AX,Asie - Australie,0
CCP.AX,Asie - Australie,0
COL.AX,Asie - Australie,0
GMG.AX,Asie - Australie,0
IAG.AX,Asie - Australie,0
IPL.AX,Asie - Australie,0
JHX.AX,Asie - Australie,0
LLC.AX,Asie - Australie,0
MPL.AX,Asie - Australie,0
NCM.AX,Asie - Australie,0
NHC.AX,Asie - Australie,0
ORA.AX,Asie - Australie,0
ORG.AX,Asie - Australie,0
OZL.AX,Asie - Australie,0
QAN.AX,Asie - Australie,0
QBE.AX,Asie - Australie,0
REA.AX,Asie - Australie,0
RMD.AX,Asie - Australie,0
S32.AX,Asie - Australie,0
SCG.AX,Asie - Australie,0
SEK.AX,Asie - Australie,0
SGP.AX,Asie - Australie,0
SHL.AX,Asie - Australie,0
SKI.AX,Asie - Australie,0
SUN.AX,Asie - Australie,0
SVW.AX,Asie - Australie,0
SYD.AX,Asie - Australie,0
TAH.AX,Asie - Australie,0
TWE.AX,Asie - Australie,0
VCX.AX,Asie - Australie,0
VEA.AX,Asie - Australie,0
WHC.AX,Asie - Australie,0
WPL.AX,Asie - Australie,0
WSF.AX,Asie - Australie,0
XRO.AX,Asie - Australie,0
HKG:1,Asie - Australie,0
HKG:2,Asie - Australie,0
HKG:3,Asie - Australie,0
HKG:5,Asie - Australie,0
HKG:6,Asie - Australie,0
HKG:11,Asie - Australie,0
HKG:12,Asie - Australie,0
BABA,Asie - Australie,0
JD,Asie - Australie,0
PDD,Asie - Australie,0
NIO,Asie - Australie,0
XPEV,Asie - Australie,0
LI,Asie - Australie,0
TCOM,Asie - Australie,0
TME,Asie - Australie,0
NTES,Asie - Australie,0
BEKE,Asie - Australie,0
BZ,Asie - Australie,0
CAN,Asie - Australie,0
CGEN,Asie - Australie,0
CGC,Asie - Australie,0
CHNGY,Asie - Australie,0
CNQ,Asie - Australie,0
CNTG,Asie - Australie,0
DIDI,Asie - Australie,0
FINV,Asie - Australie,0
GOTU,Asie - Australie,0
GREE,Asie - Australie,0
GRIN,Asie - Australie,0
GXO,Asie - Australie,0
HIBB,Asie - Australie,0
HTHT,Asie - Australie,0
IQ,Asie - Australie,0
JMIA,Asie - Australie,0
JKS,Asie - Australie,0
KC,Asie - Australie,0
KGDG,Asie - Australie,0
KNDI,Asie - Australie,0
LAIX,Asie - Australie,0
LEGN,Asie - Australie,0
LKNCY,Asie - Australie,0
LOGI,Asie - Australie,0
LQDA,Asie - Australie,0
LTHM,Asie - Australie,0
LUCD,Asie - Australie,0
MAMA,Asie - Australie,0
MANU,Asie - Australie,0
MARK,Asie - Australie,0
MNSO,Asie - Australie,0
MOMO,Asie - Australie,0
MPNGF,Asie - Australie,0
MUFG,Asie - Australie,0
NICE,Asie - Australie,0
NU,Asie - Australie,0
OCFT,Asie - Australie,0
ONON,Asie - Australie,0
PAX,Asie - Australie,0
PSEC,Asie - Australie,0
PTON,Asie - Australie,0
QD,Asie - Australie,0
SBSW,Asie - Australie,0
SFUN,Asie - Australie,0
SIFY,Asie - Australie,0
SNE,Asie - Australie,0
SOL,Asie - Australie,0
SOS,Asie - Australie,0
SQSP,Asie - Australie,0
SWBI,Asie - Australie,0
SYPR,Asie - Australie,0
TCEHY,Asie - Australie,0
TSM,Asie - Australie,0
TUYA,Asie - Australie,0
VIPS,Asie - Australie,0
WB,Asie - Australie,0
XNET,Asie - Australie,0
YMM,Asie - Australie,0
YY,Asie - Australie,0
ZTO,Asie - Australie,0
ENB.TO,International - Dividendes,0
TRP.TO,International - Dividendes,0
PPL.TO,International - Dividendes,0
KEY.TO,International - Dividendes,0
ALA.TO,International - Dividendes,0
EMA.TO,International - Dividendes,0
FTS.TO,International - Dividendes,0
H.TO,International - Dividendes,0
CU.TO,International - Dividendes,0
CPX.TO,International - Dividendes,0
AQN.TO,International - Dividendes,0
BEP-UN.TO,International - Dividendes,0
BIP-UN.TO,International - Dividendes,0
BXMT,International - Dividendes,0
ACRE,International - Dividendes,0
AGNC,International - Dividendes,0
NLY,International - Dividendes,0
ARR,International - Dividendes,0
CIM,International - Dividendes,0
TWO,International - Dividendes,0
IVR,International - Dividendes,0
MFA,International - Dividendes,0
RWT,International - Dividendes,0
PMT,International - Dividendes,0
MITT,International - Dividendes,0
GPMT,International - Dividendes,0
CLNC,International - Dividendes,0
LADR,International - Dividendes,0
TPVG,International - Dividendes,0
PFLT,International - Dividendes,0
SLRC,International - Dividendes,0
TCPC,International - Dividendes,0
FSK,International - Dividendes,0
PBDC,International - Dividendes,0
SCM,International - Dividendes,0
WHF,International - Dividendes,0
GAIN,International - Dividendes,0
HTGC,International - Dividendes,0
KCAP,International - Dividendes,0
MRCC,International - Dividendes,0
NEWT,International - Dividendes,0
NMFC,International - Dividendes,0
OFS,International - Dividendes,0
ORCC,International - Dividendes,0
RWAY,International - Dividendes,0
SAR,International - Dividendes,0
SUNS,International - Dividendes,0
XAN,International - Dividendes,0
BKCC,International - Dividendes,0
CSWC,International - Dividendes,0
FCRD,International - Dividendes,0
FDUS,International - Dividendes,0
FICA,International - Dividendes,0
FSFR,International - Dividendes,0
FTAI,International - Dividendes,0
FULL,International - Dividendes,0
GBLX,International - Dividendes,0
GECC,International - Dividendes,0
GLAD,International - Dividendes,0
GSBD,International - Dividendes,0
KED,International - Dividendes,0